year,rcp60,rcp45,rcp26,rcp85
2020,409.36026,411.12868,412.06783,415.78022
2030,428.87629,435.04594,430.78315,448.83485
2040,450.69811,460.84499,440.2224,489.43545
2050,477.67043,486.53532,442.70046,540.54279
2060,510.63443,508.87135,441.67274,603.52045
2070,549.81989,524.30217,437.48062,677.07762
2080,594.25683,531.13797,431.61659,758.1823
2090,635.64876,533.74072,426.00472,844.80471
2100,669.72317,538.3583,420.89546,935.87437
